{
  "timestamp": "2025-11-24T11:38:21.514809",
  "query": "Machine Learning in Healthcare",
  "papers": [
    {
      "title": "A Comprehensive Review on Machine Learning in Healthcare Industry: Classification, Restrictions, Opportunities and Challenges",
      "authors": [
        "Qi An",
        "Saifur Rahman",
        "Jingwen Zhou",
        "James Jin Kang"
      ],
      "year": 2023,
      "venue": "Italian National Conference on Sensors",
      "doi": "10.3390/s23094178",
      "url": "https://www.semanticscholar.org/paper/ac2cffc4b9f96bae24809d738777ae897094ae33",
      "citation_count": 201,
      "abstract": "Recently, various sophisticated methods, including machine learning and artificial intelligence, have been employed to examine health-related data. Medical professionals are acquiring enhanced diagnostic and treatment abilities by utilizing machine learning applications in the healthcare domain. Medical data have been used by many researchers to detect diseases and identify patterns. In the current literature, there are very few studies that address machine learning algorithms to improve healthcare data accuracy and efficiency. We examined the effectiveness of machine learning algorithms in improving time series healthcare metrics for heart rate data transmission (accuracy and efficiency). In this paper, we reviewed several machine learning algorithms in healthcare applications. After a comprehensive overview and investigation of supervised and unsupervised machine learning algorithms, we also demonstrated time series tasks based on past values (along with reviewing their feasibility for both small and large datasets)."
    },
    {
      "title": "Combining simulation models and machine learning in healthcare management: strategies and applications",
      "authors": [
        "A. M. Ponsiglione",
        "P. Zaffino",
        "C. Ricciardi",
        "Danilo Di Laura",
        "M. Spadea",
        "G. De Tommasi",
        "G. Improta",
        "M. Romano",
        "Francesco Amato"
      ],
      "year": 2024,
      "venue": "Progress in Biomedical Engineering",
      "doi": "10.1088/2516-1091/ad225a",
      "url": "https://www.semanticscholar.org/paper/0dbd01fa18af261c2286c6b593633e924e7c9847",
      "citation_count": 11,
      "abstract": "Simulation models and artificial intelligence (AI) are largely used to address healthcare and biomedical engineering problems. Both approaches showed promising results in the analysis and optimization of healthcare processes. Therefore, the combination of simulation models and AI could provide a strategy to further boost the quality of health services. In this work, a systematic review of studies applying a hybrid simulation models and AI approach to address healthcare management challenges was carried out. Scopus, Web of Science, and PubMed databases were screened by independent reviewers. The main strategies to combine simulation and AI as well as the major healthcare application scenarios were identified and discussed. Moreover, tools and algorithms to implement the proposed approaches were described. Results showed that machine learning appears to be the most employed AI strategy in combination with simulation models, which mainly rely on agent-based and discrete-event systems. The scarcity and heterogeneity of the included studies suggested that a standardized framework to implement hybrid machine learning-simulation approaches in healthcare management is yet to be defined. Future efforts should aim to use these approaches to design novel intelligent in-silico models of healthcare processes and to provide effective translation to the clinics."
    },
    {
      "title": "Interpretable Machine Learning in Healthcare",
      "authors": [
        "M. Ahmad",
        "A. Teredesai",
        "C. Eckert"
      ],
      "year": 2018,
      "venue": "IEEE International Conference on Healthcare Informatics",
      "doi": "10.1145/3233547.3233667",
      "url": "https://www.semanticscholar.org/paper/7d065e649e3bfc7d6d36166f50eab37b8404eae0",
      "citation_count": 625,
      "abstract": "This tutorial extensively covers the definitions, nuances, challenges, and requirements for the design of interpretable and explainable machine learning models and systems in healthcare. We discuss many uses in which interpretable machine learning models are needed in healthcare and how they should be deployed. Additionally, we explore the landscape of recent advances to address the challenges model interpretability in healthcare and also describe how one would go about choosing the right interpretable machine learnig algorithm for a given problem in healthcare."
    },
    {
      "title": "Quantum Machine Learning in Healthcare: Developments and Challenges",
      "authors": [
        "Sita Rani",
        "Piyush Kumar Pareek",
        "Jaskiran Kaur",
        "Meetali Chauhan",
        "P. Bhambri"
      ],
      "year": 2023,
      "venue": "2023 IEEE International Conference on Integrated Circuits and Communication Systems (ICICACS)",
      "doi": "10.1109/ICICACS57338.2023.10100075",
      "url": "https://www.semanticscholar.org/paper/1923fe26a65930b85455f83f7a20e48a8e1a78fc",
      "citation_count": 35,
      "abstract": "Machine learning is playing a very significant role to process voluminous data and its classification in a variety of domains. Due to better performance and rapid development in the last decade, quantum computing is also benefiting many areas. With the amalgamation of these two technologies, a new domain for processing big data more efficiently and accurately has evolved, known as quantum machine learning. Healthcare is one of the prominent domains where a huge volume of data is produced from several processes. Efficient processing of healthcare data and records is very important to facilitate many biological and medical processes to provide better treatments to patients. The fundamental aim of this paper is to present a state-of-the-art review of quantum computing concepts, quantum machine learning framework, and the various applications of quantum machine learning in the domain of healthcare. The comparison of QML healthcare models with ML-based healthcare applications is discussed in this work. The authors also present the various challenges faced in the deployment of quantum machine learning algorithms in the domain of healthcare and possible future research directions."
    },
    {
      "title": "Privacy\u2010preserving data mining and machine learning in healthcare: Applications, challenges, and solutions",
      "authors": [
        "V. Naresh",
        "Muthusamy Thamarai"
      ],
      "year": 2023,
      "venue": "WIREs Data. Mining. Knowl. Discov.",
      "doi": "10.1002/widm.1490",
      "url": "https://www.semanticscholar.org/paper/b8a60a97ec164112332eb5165fe612be4f8302b1",
      "citation_count": 25,
      "abstract": "Data mining (DM) and machine learning (ML) applications in medical diagnostic systems are budding. Data privacy is essential in these systems as healthcare data are highly sensitive. The proposed work first discusses various privacy and security challenges in these systems. To address these next, we discuss different privacy\u2010preserving (PP) computation techniques in the context of DM and ML for secure data evaluation and processing. The state\u2010of\u2010the\u2010art applications of these systems in healthcare are analyzed at various stages such as data collection, data publication, data distribution, and output phases regarding PPDM and input, model, training, and output phases in the context of PPML. Furthermore, PP federated learning is also discussed. Finally, we present open challenges in these systems and future research directions."
    }
  ]
}